{
  "tests": [
    {
      "name": "Test 1",
      "setup": "sudo -H pip3 install pytest",
      "run": "pytest -k test_count_less_than",
      "input": "",
      "output": "",
      "comparison": "included",
      "timeout": 10,
      "points": 3
    },
    {
      "name": "Test 2",
      "setup": "sudo -H pip3 install pytest",
      "run": "pytest -k test_successor",
      "input": "",
      "output": "",
      "comparison": "included",
      "timeout": 10,
      "points": 3
    },
    {
      "name": "Test 3",
      "setup": "sudo -H pip3 install pytest",
      "run": "pytest -k test_descendants",
      "input": "",
      "output": "",
      "comparison": "included",
      "timeout": 10,
      "points": 3
    },
    {
      "name": "Test 4",
      "setup": "sudo -H pip3 install pytest",
      "run": "pytest -k test_simple_search",
      "input": "",
      "output": "",
      "comparison": "included",
      "timeout": 10,
      "points": 2
    },
    {
      "name": "Test 5",
      "setup": "sudo -H pip3 install pytest",
      "run": "pytest -k test_simple_map",
      "input": "",
      "output": "",
      "comparison": "included",
      "timeout": 10,
      "points": 2
    },
    {
      "name": "Test 6",
      "setup": "sudo -H pip3 install pytest",
      "run": "pytest -k test_simple_deletion",
      "input": "",
      "output": "",
      "comparison": "included",
      "timeout": 10,
      "points": 2
    },
    {
      "name": "Test 7",
      "setup": "sudo -H pip3 install pytest",
      "run": "pytest -k test_key_iter",
      "input": "",
      "output": "",
      "comparison": "included",
      "timeout": 10,
      "points": 2
    },
    {
      "name": "Test 8",
      "setup": "sudo -H pip3 install pytest",
      "run": "pytest -k test_value_iter",
      "input": "",
      "output": "",
      "comparison": "included",
      "timeout": 10,
      "points": 2
    },
    {
      "name": "Test 9",
      "setup": "sudo -H pip3 install pytest",
      "run": "pytest -k test_item_iter",
      "input": "",
      "output": "",
      "comparison": "included",
      "timeout": 10,
      "points": 2
    },
    {
      "name": "Test 10",
      "setup": "sudo -H pip3 install pytest",
      "run": "pytest -k test_many_entries",
      "input": "",
      "output": "",
      "comparison": "included",
      "timeout": 10,
      "points": 3
    },
    {
      "name": "Test 11",
      "setup": "sudo -H pip3 install pytest",
      "run": "pytest -k test_iterators_large",
      "input": "",
      "output": "",
      "comparison": "included",
      "timeout": 10,
      "points": 3
    },
    {
      "name": "Test 12",
      "setup": "sudo -H pip3 install pytest",
      "run": "pytest -k test_keyerror",
      "input": "",
      "output": "",
      "comparison": "included",
      "timeout": 10,
      "points": 3
    }
  ]
}
