{
  "tests": [
    {
      "name": "Test 1",
      "setup": "sudo -H pip3 install pytest numpy",
      "run": "pytest -k test_heap_basic",
      "input": "",
      "output": "",
      "comparison": "included",
      "timeout": 10,
      "points": 1
    },
    {
      "name": "Test 2",
      "setup": "sudo -H pip3 install pytest numpy",
      "run": "pytest -k test_heap_minheap",
      "input": "",
      "output": "",
      "comparison": "included",
      "timeout": 10,
      "points": 1
    },
    {
      "name": "Test 3",
      "setup": "sudo -H pip3 install pytest numpy",
      "run": "pytest -k test_heap_lenkey",
      "input": "",
      "output": "",
      "comparison": "included",
      "timeout": 10,
      "points": 2
    },
    {
      "name": "Test 4",
      "setup": "sudo -H pip3 install pytest numpy",
      "run": "pytest -k test_heap_max_order",
      "input": "",
      "output": "",
      "comparison": "included",
      "timeout": 10,
      "points": 2
    },
    {
      "name": "Test 5",
      "setup": "sudo -H pip3 install pytest numpy",
      "run": "pytest -k test_heap_abs_order",
      "input": "",
      "output": "",
      "comparison": "included",
      "timeout": 10,
      "points": 2
    },
    {
      "name": "Test 6",
      "setup": "sudo -H pip3 install pytest numpy",
      "run": "pytest -k test_medians_basic",
      "input": "",
      "output": "",
      "comparison": "included",
      "timeout": 10,
      "points": 2
    },
    {
      "name": "Test 7",
      "setup": "sudo -H pip3 install pytest numpy",
      "run": "pytest -k test_medians_vs_naive",
      "input": "",
      "output": "",
      "comparison": "included",
      "timeout": 10,
      "points": 2
    },
    {
      "name": "Test 8",
      "setup": "sudo -H pip3 install pytest numpy",
      "run": "pytest -k test_medians_stress",
      "input": "",
      "output": "",
      "comparison": "included",
      "timeout": 10,
      "points": 4
    }
  ]
}
