{
  "tests": [
    {
      "name": "Compute Ngrams Test 1",
      "setup": "sudo -H pip3 install pytest",
      "run": "pytest -k test_compute_ngrams_simple",
      "input": "",
      "output": "",
      "comparison": "included",
      "timeout": 10,
      "points": 5
    },
    {
      "name": "Compute Ngrams Test 2",
      "setup": "sudo -H pip3 install pytest",
      "run": "pytest -k test_compute_ngrams_romeo",
      "input": "",
      "output": "",
      "comparison": "included",
      "timeout": 10,
      "points": 5
    },
    {
      "name": "Gen Passage Test 1",
      "setup": "sudo -H pip3 install pytest",
      "run": "pytest -k test_gen_passage_simple",
      "input": "",
      "output": "",
      "comparison": "included",
      "timeout": 10,
      "points": 5
    },
    {
      "name": "Gen Passage Test 2",
      "setup": "sudo -H pip3 install pytest",
      "run": "pytest -k test_gen_passage_romeo",
      "input": "",
      "output": "",
      "comparison": "included",
      "timeout": 10,
      "points": 5
    }
  ]
}
