{
  "tests": [
    {
      "name": "Test 1",
      "setup": "sudo -H pip3 install pytest numpy",
      "run": "pytest -k test_simple_delims",
      "input": "",
      "output": "",
      "comparison": "included",
      "timeout": 10,
      "points": 1
    },
    {
      "name": "Test 2",
      "setup": "sudo -H pip3 install pytest numpy",
      "run": "pytest -k test_simple_nested_delims",
      "input": "",
      "output": "",
      "comparison": "included",
      "timeout": 10,
      "points": 1
    },
    {
      "name": "Test 3",
      "setup": "sudo -H pip3 install pytest numpy",
      "run": "pytest -k test_unspecified_delims",
      "input": "",
      "output": "",
      "comparison": "included",
      "timeout": 10,
      "points": 2
    },
    {
      "name": "Test 4",
      "setup": "sudo -H pip3 install pytest numpy",
      "run": "pytest -k test_weird_delims",
      "input": "",
      "output": "",
      "comparison": "included",
      "timeout": 10,
      "points": 2
    },
    {
      "name": "Test 5",
      "setup": "sudo -H pip3 install pytest numpy",
      "run": "pytest -k test_quotes_simple",
      "input": "",
      "output": "",
      "comparison": "included",
      "timeout": 10,
      "points": 2
    },
    {
      "name": "Test 6",
      "setup": "sudo -H pip3 install pytest numpy",
      "run": "pytest -k test_ifpf_basic",
      "input": "",
      "output": "",
      "comparison": "included",
      "timeout": 10,
      "points": 2
    },
    {
      "name": "Test 7",
      "setup": "sudo -H pip3 install pytest numpy",
      "run": "pytest -k test_ifpf_prec",
      "input": "",
      "output": "",
      "comparison": "included",
      "timeout": 10,
      "points": 3
    },
    {
      "name": "Test 8",
      "setup": "sudo -H pip3 install pytest numpy",
      "run": "pytest -k test_ifpf_parens",
      "input": "",
      "output": "",
      "comparison": "included",
      "timeout": 10,
      "points": 3
    },
    {
      "name": "Test 9",
      "setup": "sudo -H pip3 install pytest numpy",
      "run": "pytest -k test_queue_simple",
      "input": "",
      "output": "",
      "comparison": "included",
      "timeout": 10,
      "points": 4
    },
    {
      "name": "Test 10",
      "setup": "sudo -H pip3 install pytest numpy",
      "run": "pytest -k test_queue_circularity",
      "input": "",
      "output": "",
      "comparison": "included",
      "timeout": 10,
      "points": 4
    },
    {
      "name": "Test 11",
      "setup": "sudo -H pip3 install pytest numpy",
      "run": "pytest -k test_queue_resize",
      "input": "",
      "output": "",
      "comparison": "included",
      "timeout": 10,
      "points": 4
    }
  ]
}
