{
    "build": {
        "dockerfile": "./Dockerfile",
        "context": "."
    },
    "features": {
        "ghcr.io/devcontainers/features/common-utils:2":{
            "installZsh": "true",
            "username": "vscode",
            "userUid": "1000",
            "userGid": "1000",
            "upgradePackages": "true"
        },
        "ghcr.io/devcontainers/features/python:1": "none",
        "ghcr.io/devcontainers/features/node:1": "none",
        "ghcr.io/devcontainers/features/git:1": {
            "version": "latest",
            "ppa": "false"
        }
    },

	// Configure tool-specific properties.
	"customizations": {
		// Configure properties specific to VS Code.
		"vscode": {
			// Set *default* container specific settings.json values on container create.
			"settings": {
				"python.defaultInterpreterPath": "/usr/local/bin/python"
			},
            "extensions": [
                "ms-python.python",
                "ms-toolsai.jupyter"
            ]
		}
	},
	// Use 'forwardPorts' to make a list of ports inside the container available locally.
	"forwardPorts": [8888],

	// Set `remoteUser` to `root` to connect as root instead. More info: https://aka.ms/vscode-remote/containers/non-root.
	"remoteUser": "vscode"
}
