{
  "tests": [
    {
      "name": "Subscript Access Test",
      "setup": "sudo -H pip3 install pytest numpy",
      "run": "pytest -k test_subscript_access",
      "input": "",
      "output": "",
      "comparison": "included",
      "timeout": 10,
      "points": 6
    },
    {
      "name": "Stringification Test",
      "setup": "sudo -H pip3 install pytest numpy",
      "run": "pytest -k test_stringification",
      "input": "",
      "output": "",
      "comparison": "included",
      "timeout": 10,
      "points": 4
    },
    {
      "name": "Single Element Manipulation Test",
      "setup": "sudo -H pip3 install pytest numpy",
      "run": "pytest -k test_single_elem_manip",
      "input": "",
      "output": "",
      "comparison": "included",
      "timeout": 10,
      "points": 8
    },
    {
      "name": "Predicates Test",
      "setup": "sudo -H pip3 install pytest numpy",
      "run": "pytest -k test_predicates",
      "input": "",
      "output": "",
      "comparison": "included",
      "timeout": 10,
      "points": 4
    },
    {
      "name": "Queries Test",
      "setup": "sudo -H pip3 install pytest numpy",
      "run": "pytest -k test_queries",
      "input": "",
      "output": "",
      "comparison": "included",
      "timeout": 10,
      "points": 10
    },
    {
      "name": "Bulk Operations Test",
      "setup": "sudo -H pip3 install pytest numpy",
      "run": "pytest -k test_bulk",
      "input": "",
      "output": "",
      "comparison": "included",
      "timeout": 10,
      "points": 6
    },
    {
      "name": "Iteration Test",
      "setup": "sudo -H pip3 install pytest numpy",
      "run": "pytest -k test_iteration",
      "input": "",
      "output": "",
      "comparison": "included",
      "timeout": 10,
      "points": 2
    }
  ]
}
