{
  "tests": [
    {
      "name": "Test 1",
      "setup": "sudo -H pip3 install pytest",
      "run": "pytest -k test_simple",
      "input": "",
      "output": "",
      "comparison": "included",
      "timeout": 10,
      "points": 3
    },
    {
      "name": "Test 2",
      "setup": "sudo -H pip3 install pytest",
      "run": "pytest -k test_basic_ops",
      "input": "",
      "output": "",
      "comparison": "included",
      "timeout": 10,
      "points": 3
    },
    {
      "name": "Test 3",
      "setup": "sudo -H pip3 install pytest",
      "run": "pytest -k test_updates",
      "input": "",
      "output": "",
      "comparison": "included",
      "timeout": 10,
      "points": 3
    },
    {
      "name": "Test 4",
      "setup": "sudo -H pip3 install pytest",
      "run": "pytest -k test_deletion",
      "input": "",
      "output": "",
      "comparison": "included",
      "timeout": 10,
      "points": 3
    },
    {
      "name": "Test 5",
      "setup": "sudo -H pip3 install pytest",
      "run": "pytest -k test_iteration_order",
      "input": "",
      "output": "",
      "comparison": "included",
      "timeout": 10,
      "points": 4
    },
    {
      "name": "Test 6",
      "setup": "sudo -H pip3 install pytest",
      "run": "pytest -k test_stress",
      "input": "",
      "output": "",
      "comparison": "included",
      "timeout": 10,
      "points": 4
    }
  ]
}
