{
  "tests": [
    {
      "name": "Exercise 1",
      "setup": "sudo -H pip3 install pytest",
      "run": "pytest -k test_exercise1",
      "input": "",
      "output": "",
      "comparison": "included",
      "timeout": 10,
      "points": 5
    },
    {
      "name": "Exercise 2",
      "setup": "sudo -H pip3 install pytest",
      "run": "pytest -k test_exercise2",
      "input": "",
      "output": "",
      "comparison": "included",
      "timeout": 10,
      "points": 5
    },
    {
      "name": "Exercise 3",
      "setup": "sudo -H pip3 install pytest",
      "run": "pytest -k test_exercise3",
      "input": "",
      "output": "",
      "comparison": "included",
      "timeout": 10,
      "points": 5
    },
    {
      "name": "Exercise 4",
      "setup": "sudo -H pip3 install pytest",
      "run": "pytest -k test_exercise4",
      "input": "",
      "output": "",
      "comparison": "included",
      "timeout": 10,
      "points": 5
    },
    {
      "name": "Exercise 5",
      "setup": "sudo -H pip3 install pytest",
      "run": "pytest -k test_exercise5",
      "input": "",
      "output": "",
      "comparison": "included",
      "timeout": 10,
      "points": 5
    }
  ]
}
